repo,stars,forks,dependencies,dev_dependencies,vulnerable_deps,cves,path_usado
facebook/react,240156,49689,0,0,0,[],
trekhleb/javascript-algorithms,193810,30933,0,0,0,[],
airbnb/javascript,147713,26793,0,0,0,[],
f/awesome-chatgpt-prompts,135908,18089,0,0,0,[],
vercel/next.js,135363,29706,5,221,3,"['GHSA-566m-qj78-rww5', 'GHSA-7fh5-64p2-3v2j', 'GHSA-hwj9-h5mp-3pm3']",packages/next
Chalarangelo/30-seconds-of-code,125654,12361,0,0,0,[],
nodejs/node,114057,33607,0,0,0,[],
open-webui/open-webui,113715,15804,91,27,71,"['GHSA-g5m6-hxpp-fc49', 'GHSA-fwr7-v2mv-hh25', 'GHSA-h68q-55jf-x68w', 'GHSA-4gw3-8f77-f72c', 'GHSA-63q7-h895-m982', 'GHSA-8hgg-xxm5-3873', 'GHSA-chqj-j4fh-rw7m', 'GHSA-gx9m-whjm-85jf', 'GHSA-mjjq-c88q-qhr6', 'GHSA-mmhx-hmjr-r674', 'GHSA-p3vf-v8qc-cwcr', 'GHSA-vhxf-7vqr-mrjg', 'GHSA-7wwv-vh3v-89cq', 'GHSA-vfrc-7r7c-w9mx', 'GHSA-cmh5-qc8w-xvcq', 'GHSA-f89g-whpf-6q9m', 'GHSA-3q6f-8grx-pr4v', 'GHSA-57f3-gghm-9mhc', 'GHSA-8mvj-3j78-4qmw', 'GHSA-vh59-v9r5-4mh4', 'GHSA-w532-jxjh-hjhj', 'GHSA-3wc5-fcw2-2329', 'GHSA-64fm-8hw2-v72w', 'GHSA-cg87-wmx4-v546', 'GHSA-cvr6-37gx-v8wc', 'GHSA-f98w-7cxr-ff2h', 'GHSA-4r62-v4vq-hr96', 'GHSA-5v2h-r2cx-5xgj', 'GHSA-7px7-7xjx-hxm8', 'GHSA-9cw2-jqp5-7x39', 'GHSA-cfjh-p3g4-3q2f', 'GHSA-ch52-vgq2-943f', 'GHSA-hjcp-j389-59ff', 'GHSA-p9wx-2529-fp83', 'GHSA-rrrm-qjm4-v8hf', 'GHSA-vfvf-mqq8-rwqc', 'GHSA-x5pg-88wf-qq4p', 'GHSA-xf5p-87ch-gxw2', 'GHSA-4f6x-49g2-99fm', 'GHSA-7rqq-prvp-x9jh', 'GHSA-8gwm-58g9-j8pw', 'GHSA-m4gq-x24j-jpmf', 'GHSA-p3rp-vmj9-gv6v', 'GHSA-w32g-5hqp-gg6q', 'GHSA-x3vm-38hw-55wf', 'GHSA-7jg2-jgv3-fmr4', 'GHSA-wgrm-67xf-hhpq', 'GHSA-3787-6prv-h9w3', 'GHSA-3cvr-822r-rqcc', 'GHSA-3g92-w8c5-73pq', 'GHSA-5r9g-qh6m-jxff', 'GHSA-8qr4-xgw6-wmr3', 'GHSA-9f24-jqhm-jfcw', 'GHSA-9qxr-qj54-h672', 'GHSA-c76h-2ccp-4975', 'GHSA-cxrh-j4jr-qwg3', 'GHSA-f772-66g8-q5h3', 'GHSA-m4v8-wqvr-p9f7', 'GHSA-pgw7-wx7w-2w33', 'GHSA-q768-x9m6-m9qp', 'GHSA-r6ch-mqf9-qc9w', 'GHSA-wqq4-5wpv-mx2g', 'GHSA-4vq7-882g-wcg4', 'GHSA-963h-3v39-3pqf', 'GHSA-cp47-r258-q626', 'GHSA-mp7w-mhcv-673j', 'GHSA-r2qc-w64x-6j54', 'GHSA-rcw3-wmx7-cphr', 'GHSA-w5m3-xh75-mp55', 'GHSA-pp7p-q8fx-2968', 'GHSA-f9xv-q969-pqx4']",root
mrdoob/three.js,109161,36052,0,0,0,[],
axios/axios,108039,11379,3,58,5,"['GHSA-74fj-2j2h-c42q', 'GHSA-cxjh-pqwp-8mfp', 'GHSA-jchw-25xp-jwwc', 'GHSA-pw2r-vq6v-hr8c', 'GHSA-fjxv-7rqg-78g4']",root
facebook/create-react-app,103819,27146,0,0,0,[],
ryanmcdermott/clean-code-javascript,93967,12493,0,0,0,[],
microsoft/Web-Dev-For-Beginners,92804,14399,0,0,0,[],
jaywcjlove/awesome-mac,92083,6967,0,0,0,[],
sveltejs/svelte,84538,4664,0,0,0,[],
louislam/uptime-kuma,77430,6846,78,64,87,"['GHSA-7v5v-9h63-cj86', 'GHSA-pp75-xfpw-37g9', 'GHSA-42xw-2xvc-qx8m', 'GHSA-4hjh-wcwx-xvwj', 'GHSA-4w2v-q235-vp99', 'GHSA-8hc4-vh64-cxmj', 'GHSA-cph5-m8f7-6c5x', 'GHSA-jr5f-v2jv-69x6', 'GHSA-wf5p-g6vw-rhxx', 'GHSA-cff4-rrq6-h78w', 'GHSA-cm5g-3pgc-8rg4', 'GHSA-gpvr-g6gh-9mc2', 'GHSA-jj78-5fmv-mv28', 'GHSA-qw6h-vgh9-j6wx', 'GHSA-rv95-896h-c2vc', 'GHSA-c35v-qwqg-87jc', 'GHSA-fjxv-7rqg-78g4', 'GHSA-86wf-436m-h424', 'GHSA-8w57-jfpm-945m', 'GHSA-8g7p-74h8-hg48', 'GHSA-pc5p-h8pf-mvwp', 'GHSA-p9w8-2mpq-49h9', 'GHSA-fqg8-vfv7-8fj8', 'GHSA-8cf7-32gw-wr33', 'GHSA-c7hr-j4mj-j2w6', 'GHSA-hjrf-2m68-5959', 'GHSA-qwph-4952-7xr6', 'GHSA-4jv9-3563-23j3', 'GHSA-58v4-qwx5-7f59', 'GHSA-45rm-2893-5f49', 'GHSA-4r62-v4vq-hr96', 'GHSA-5v2h-r2cx-5xgj', 'GHSA-7px7-7xjx-hxm8', 'GHSA-9cw2-jqp5-7x39', 'GHSA-cfjh-p3g4-3q2f', 'GHSA-ch52-vgq2-943f', 'GHSA-hjcp-j389-59ff', 'GHSA-p9wx-2529-fp83', 'GHSA-rrrm-qjm4-v8hf', 'GHSA-vfvf-mqq8-rwqc', 'GHSA-x5pg-88wf-qq4p', 'GHSA-xf5p-87ch-gxw2', 'GHSA-mh5c-679w-hh4r', 'GHSA-vxvm-qww3-2fh7', 'GHSA-h9mj-fghc-664w', 'GHSA-hg78-c92r-hvwr', 'GHSA-49j4-86m8-q2jw', 'GHSA-4rch-2fh8-94vw', 'GHSA-fpw7-j2hg-69v5', 'GHSA-mqr2-w7wj-jjgr', 'GHSA-pmh2-wpjm-fj45', 'GHSA-mwcw-c2x4-8c55', 'GHSA-qrpm-p2h7-hrv2', 'GHSA-48ww-j4fc-435p', 'GHSA-9h6g-pr28-7cqp', 'GHSA-hwqf-gcqm-7353', 'GHSA-mm7p-fcc7-pg87', 'GHSA-wc9v-mj63-m9g5', 'GHSA-762f-c2wg-m8c8', 'GHSA-g954-5hwp-pp24', 'GHSA-h755-8qp9-cq85', 'GHSA-f9cm-p3w6-xvr3', 'GHSA-gqgv-6jq5-jjj9', 'GHSA-hrpp-h998-j3pp', 'GHSA-jjv7-qpx3-h62q', 'GHSA-35q2-47q7-3pc3', 'GHSA-c2qf-rxjj-qqgw', 'GHSA-x6fg-f45m-jf5q', 'GHSA-25hc-qcg6-38wj', 'GHSA-fxwf-4rqh-v8g3', 'GHSA-qv2v-m59f-v5fw', 'GHSA-3jfq-g458-7qm9', 'GHSA-5955-9wpr-37jh', 'GHSA-9r2w-394v-53qc', 'GHSA-f5x3-32g6-xq36', 'GHSA-gfjr-3jmm-4g9v', 'GHSA-j44m-qm6p-hp7m', 'GHSA-qq89-hq3f-393p', 'GHSA-r628-mhmh-qjhw', 'GHSA-72xf-g2v4-qvf3', 'GHSA-g7q5-pjjr-gqvp', 'GHSA-qhv9-728r-6jqg', 'GHSA-2mhh-w6q8-5hxw', 'GHSA-3h5v-q93c-6h6q', 'GHSA-5v72-xg48-5rpm', 'GHSA-6663-c963-2gqg', 'GHSA-6fc8-4gx4-v693']",root
anuraghazra/github-readme-stats,76720,26664,5,23,8,"['GHSA-42xw-2xvc-qx8m', 'GHSA-4hjh-wcwx-xvwj', 'GHSA-4w2v-q235-vp99', 'GHSA-8hc4-vh64-cxmj', 'GHSA-cph5-m8f7-6c5x', 'GHSA-jr5f-v2jv-69x6', 'GHSA-wf5p-g6vw-rhxx', 'GHSA-j8xg-fqg3-53r7']",root
FortAwesome/Font-Awesome,75766,12209,0,0,0,[],
typicode/json-server,75256,7239,13,14,5,"['MAL-2025-46969', 'GHSA-ff7x-qrg7-qggm', 'GHSA-mf6x-hrgr-658f', 'GHSA-xrh7-m5pp-39r6', 'GHSA-9c47-m6qq-7p4h']",root
hakimel/reveal.js,69747,16772,0,0,0,[],
expressjs/express,68094,21325,28,16,17,"['GHSA-qwcr-r2fm-qrc7', 'GHSA-pxg6-pf52-xh8x', 'GHSA-92vm-wfm5-mxvv', 'GHSA-4x49-vf9v-38px', 'GHSA-9vvw-cc9w-f27h', 'GHSA-gxpj-cx7g-858c', 'MAL-2025-46974', 'GHSA-9qj9-36jm-prpv', 'GHSA-f9cm-p3w6-xvr3', 'GHSA-gqgv-6jq5-jjj9', 'GHSA-hrpp-h998-j3pp', 'GHSA-jjv7-qpx3-h62q', 'GHSA-jgqf-hwc5-hh37', 'GHSA-m6fv-jmcg-4jfg', 'GHSA-xwg4-93c6-3h42', 'GHSA-c3x7-gjmx-r2ff', 'GHSA-cm22-4g7w-348p']",root
chartjs/Chart.js,66700,11982,1,45,0,[],root
leonardomso/33-js-concepts,65884,9199,0,0,0,[],
webpack/webpack,65721,9162,25,86,3,"['GHSA-6chw-6frg-f759', 'GHSA-w8qv-6jwh-64r5', 'GHSA-hxxf-q3w9-4xgw']",root
juliangarnier/anime,65080,4357,0,0,0,[],
resume/resume.github.com,62674,1360,0,0,0,[],
lodash/lodash,61323,7081,0,0,0,[],
atom/atom,60822,17318,157,0,12,"['GHSA-fwr7-v2mv-hh25', 'GHSA-h68q-55jf-x68w', 'GHSA-qrmh-qg46-72pp', 'MAL-2025-46985', 'GHSA-xf7w-r453-m56c', 'GHSA-f8q6-p94x-37v3', 'GHSA-hxm2-r34f-qmc5', 'GHSA-566m-qj78-rww5', 'GHSA-7fh5-64p2-3v2j', 'GHSA-hwj9-h5mp-3pm3', 'GHSA-c2qf-rxjj-qqgw', 'GHSA-x6fg-f45m-jf5q']",root
adam-p/markdown-here,60047,11180,0,0,0,[],
jquery/jquery,59621,20542,0,0,0,[],
gorhill/uBlock,59387,3783,0,0,0,[],
angular/angular.js,58950,27330,0,0,0,[],
jgraph/drawio-desktop,57564,5477,10,6,1,['GHSA-9jxc-qjr9-vjxq'],root
h5bp/html5-boilerplate,57240,12307,0,0,0,[],
scutan90/DeepLearning-500-questions,56754,15972,0,0,0,[],
gatsbyjs/gatsby,55940,10264,0,0,0,[],
azl397985856/leetcode,55688,9482,0,0,0,[],
mozilla/pdf.js,52144,10498,0,0,0,[],
marktext/marktext,52112,3833,53,86,46,"['GHSA-42xw-2xvc-qx8m', 'GHSA-4hjh-wcwx-xvwj', 'GHSA-4w2v-q235-vp99', 'GHSA-8hc4-vh64-cxmj', 'GHSA-cph5-m8f7-6c5x', 'GHSA-jr5f-v2jv-69x6', 'GHSA-wf5p-g6vw-rhxx', 'GHSA-27wq-qx3q-fxm9', 'GHSA-4gw3-8f77-f72c', 'GHSA-cff4-rrq6-h78w', 'GHSA-63q7-h895-m982', 'GHSA-8hgg-xxm5-3873', 'GHSA-chqj-j4fh-rw7m', 'GHSA-gx9m-whjm-85jf', 'GHSA-mjjq-c88q-qhr6', 'GHSA-mmhx-hmjr-r674', 'GHSA-p3vf-v8qc-cwcr', 'GHSA-vhxf-7vqr-mrjg', 'GHSA-3wc5-fcw2-2329', 'GHSA-64fm-8hw2-v72w', 'GHSA-cg87-wmx4-v546', 'GHSA-cvr6-37gx-v8wc', 'GHSA-f98w-7cxr-ff2h', 'GHSA-4f6x-49g2-99fm', 'GHSA-7rqq-prvp-x9jh', 'GHSA-8gwm-58g9-j8pw', 'GHSA-m4gq-x24j-jpmf', 'GHSA-p3rp-vmj9-gv6v', 'GHSA-w32g-5hqp-gg6q', 'GHSA-x3vm-38hw-55wf', 'GHSA-4cpg-3vgw-4877', 'GHSA-3949-f494-cm99', 'GHSA-gj77-59wh-66hg', 'GHSA-h4hr-7fg3-h35w', 'GHSA-hqhp-5p83-hx96', 'GHSA-wvhm-4hhf-97x9', 'GHSA-x7hr-w5r2-h6wg', 'GHSA-cf4h-3jhx-xvhq', 'GHSA-4vq7-882g-wcg4', 'GHSA-963h-3v39-3pqf', 'GHSA-cp47-r258-q626', 'GHSA-mp7w-mhcv-673j', 'GHSA-r2qc-w64x-6j54', 'GHSA-rcw3-wmx7-cphr', 'GHSA-w5m3-xh75-mp55', 'GHSA-5j4c-8p2g-v4jx']",root
Semantic-Org/Semantic-UI,51187,4919,33,7,9,"['GHSA-qrmc-fj45-qfc2', 'GHSA-2pqj-h3vj-pqgw', 'GHSA-579v-mp3v-rrw5', 'GHSA-6c3j-c64m-qhgq', 'GHSA-gxr4-xjj5-5px2', 'GHSA-jpcq-cgw6-v4j6', 'GHSA-mhpp-875w-9cpv', 'GHSA-q4m3-2j7h-f7xw', 'GHSA-rmxg-73gg-4p98']",root
prettier/prettier,51117,4599,79,49,14,"['GHSA-6chw-6frg-f759', 'GHSA-h6ch-v84p-w6p9', 'GHSA-9pv7-vfvm-6vr7', 'GHSA-9c47-m6qq-7p4h', 'GHSA-952p-6rrq-rcjv', 'GHSA-vh95-rmgr-6w4m', 'GHSA-xvch-5gv4-984h', 'GHSA-566m-qj78-rww5', 'GHSA-7fh5-64p2-3v2j', 'GHSA-hwj9-h5mp-3pm3', 'GHSA-pqhp-25j4-6hq9', 'MAL-2025-46980', 'GHSA-7p7h-4mm5-852v', 'GHSA-f9xv-q969-pqx4']",root
TryGhost/Ghost,51066,11132,0,0,0,[],
Mintplex-Labs/anything-llm,50526,5325,0,0,0,[],
chinese-poetry/chinese-poetry,50267,10122,0,0,0,[],
poteto/hiring-without-whiteboards,50114,3873,9,0,0,[],root
agalwood/Motrix,49607,4739,2,71,8,"['GHSA-r683-j2x4-v87g', 'GHSA-vp56-6g26-6827', 'GHSA-w7rc-rwvf-8q5r', 'GHSA-2mhh-w6q8-5hxw', 'GHSA-3h5v-q93c-6h6q', 'GHSA-5v72-xg48-5rpm', 'GHSA-6663-c963-2gqg', 'GHSA-6fc8-4gx4-v693']",root
NARKOZ/hacker-scripts,48904,6661,0,0,0,[],
iamkun/dayjs,48336,2381,0,0,0,[],
moment/moment,48076,7041,0,0,0,[],
algorithm-visualizer/algorithm-visualizer,47934,7469,34,0,15,"['GHSA-42xw-2xvc-qx8m', 'GHSA-4hjh-wcwx-xvwj', 'GHSA-4w2v-q235-vp99', 'GHSA-8hc4-vh64-cxmj', 'GHSA-cph5-m8f7-6c5x', 'GHSA-jr5f-v2jv-69x6', 'GHSA-wf5p-g6vw-rhxx', 'GHSA-h68q-55jf-x68w', 'GHSA-9v62-24cr-58cx', 'GHSA-r8f7-9pfq-mjmv', 'GHSA-g53w-52xc-2j85', 'GHSA-hg79-j56m-fxgv', 'GHSA-mvjj-gqq2-p4hw', 'GHSA-cpj6-fhp6-mr6j', 'GHSA-f46r-rw29-r322']",root
serverless/serverless,46885,5746,68,36,39,"['GHSA-v88g-cgmw-v5xw', 'GHSA-rrc9-gqf8-8rwg', 'GHSA-qgfr-5hqp-vrw9', 'GHSA-67mh-4wv8-2f99', 'GHSA-8g7p-74h8-hg48', 'GHSA-pc5p-h8pf-mvwp', 'GHSA-2pr6-76vf-7546', 'GHSA-8j8c-7jfh-h6hx', 'GHSA-xxvw-45rp-3mj2', 'GHSA-29mw-wpgm-hmr9', 'GHSA-35jh-r3h4-6jhm', 'GHSA-4xc9-xhrj-v574', 'GHSA-fvqr-27wr-82fm', 'GHSA-jf85-cpcp-j695', 'GHSA-p6mc-m468-83gw', 'GHSA-x5rq-j2xg-h7qm', 'GHSA-952p-6rrq-rcjv', 'GHSA-28xh-wpgr-7fm8', 'GHSA-c2qf-rxjj-qqgw', 'GHSA-x6fg-f45m-jf5q', 'GHSA-28xr-mwxg-3qc8', 'GHSA-3f95-r44v-8mrg', 'GHSA-9p95-fxvg-qgq2', 'GHSA-9w5j-4mwv-2wj8', 'MAL-2025-46980', 'MAL-2025-46981', 'GHSA-3jfq-g458-7qm9', 'GHSA-5955-9wpr-37jh', 'GHSA-9r2w-394v-53qc', 'GHSA-f5x3-32g6-xq36', 'GHSA-gfjr-3jmm-4g9v', 'GHSA-j44m-qm6p-hp7m', 'GHSA-qq89-hq3f-393p', 'GHSA-r628-mhmh-qjhw', 'GHSA-2mhh-w6q8-5hxw', 'GHSA-3h5v-q93c-6h6q', 'GHSA-5v72-xg48-5rpm', 'GHSA-6663-c963-2gqg', 'GHSA-6fc8-4gx4-v693']",root
typescript-cheatsheets/react,46745,4258,3,3,0,[],root
bigskysoftware/htmx,46354,1529,0,0,0,[],
Asabeneh/30-Days-Of-JavaScript,45530,10355,0,0,0,[],
google/zx,44764,1177,0,0,0,[],
meteor/meteor,44748,5263,0,0,0,[],
LeCoupa/awesome-cheatsheets,44632,6604,0,0,0,[],
microsoft/monaco-editor,44449,3895,0,0,0,[],
parcel-bundler/parcel,43992,2269,1,24,0,[],root
Leaflet/Leaflet,43837,6018,0,0,0,[],
GitSquared/edex-ui,43529,2881,24,0,22,"['GHSA-qrmh-qg46-72pp', 'MAL-2025-46985', 'GHSA-mwcw-c2x4-8c55', 'GHSA-qrpm-p2h7-hrv2', 'GHSA-7jg2-jgv3-fmr4', 'GHSA-wgrm-67xf-hhpq', 'GHSA-g662-qq45-ppwm', 'GHSA-2m8v-572m-ff2v', 'GHSA-4v2w-h9jm-mqjg', 'GHSA-8j36-q8x7-pm6q', 'GHSA-94xh-2fmc-xf5j', 'GHSA-cvv5-9h9w-qp2m', 'GHSA-fj59-f6c3-3vw4', 'GHSA-gx6r-qc2v-3p3v', 'GHSA-jff2-qjw8-5476', 'GHSA-m57p-p67h-mq74', 'GHSA-2mhh-w6q8-5hxw', 'GHSA-3h5v-q93c-6h6q', 'GHSA-5v72-xg48-5rpm', 'GHSA-6663-c963-2gqg', 'GHSA-6fc8-4gx4-v693', 'GHSA-mc23-976p-j42x']",src
sudheerj/reactjs-interview-questions,43354,10137,0,0,0,[],
NaiboWang/EasySpider,43214,5307,0,0,0,[],
Unitech/pm2,42654,2664,29,2,12,"['GHSA-fwr7-v2mv-hh25', 'GHSA-4x49-vf9v-38px', 'GHSA-9vvw-cc9w-f27h', 'GHSA-gxpj-cx7g-858c', 'MAL-2025-46974', 'GHSA-h2p3-h48h-9jj7', 'GHSA-hfq9-rfpv-j8r8', 'GHSA-c2qf-rxjj-qqgw', 'GHSA-x6fg-f45m-jf5q', 'GHSA-2pr6-76vf-7546', 'GHSA-8j8c-7jfh-h6hx', 'GHSA-xxvw-45rp-3mj2']",root
yarnpkg/yarn,41542,2732,47,45,25,"['MAL-2025-46969', 'GHSA-4x49-vf9v-38px', 'GHSA-9vvw-cc9w-f27h', 'GHSA-gxpj-cx7g-858c', 'MAL-2025-46974', 'GHSA-qqgx-2p2h-9c37', 'GHSA-2pr6-76vf-7546', 'GHSA-8j8c-7jfh-h6hx', 'GHSA-xxvw-45rp-3mj2', 'GHSA-952p-6rrq-rcjv', 'GHSA-px4h-xg32-q955', 'GHSA-8v63-cqqc-6r2c', 'GHSA-cwx2-736x-mf6w', 'GHSA-v39p-96qg-c8rf', 'GHSA-7xfp-9c55-5vqj', 'GHSA-p8p7-x288-28g6', 'GHSA-c2qf-rxjj-qqgw', 'GHSA-x6fg-f45m-jf5q', 'GHSA-325j-24f4-qv5x', 'GHSA-vx3p-948g-6vhq', 'MAL-2025-46980', 'GHSA-8cj5-5rvv-wf4v', 'GHSA-pq67-2wwv-3xjx', 'GHSA-vj76-c3g6-qr5v', 'GHSA-x2mc-8fgj-3wmr']",root
nolimits4web/swiper,41528,9730,0,0,0,[],
nwjs/nw.js,41413,3882,0,0,0,[],
dcloudio/uni-app,41199,3713,0,0,0,[],
remoteintech/remote-jobs,39427,3864,6,3,14,"['GHSA-4r62-v4vq-hr96', 'GHSA-5v2h-r2cx-5xgj', 'GHSA-7px7-7xjx-hxm8', 'GHSA-9cw2-jqp5-7x39', 'GHSA-cfjh-p3g4-3q2f', 'GHSA-ch52-vgq2-943f', 'GHSA-hjcp-j389-59ff', 'GHSA-p9wx-2529-fp83', 'GHSA-rrrm-qjm4-v8hf', 'GHSA-vfvf-mqq8-rwqc', 'GHSA-x5pg-88wf-qq4p', 'GHSA-xf5p-87ch-gxw2', 'GHSA-x565-32qp-m3vf', 'GHSA-2rq5-699j-x7p6']",root
videojs/video.js,39224,7523,12,68,1,['GHSA-968p-4wvh-cqc8'],root
Dogfalo/materialize,39135,4689,0,0,0,[],
phaserjs/phaser,38548,7123,1,21,0,[],root
impress/impress.js,38392,6636,0,0,0,[],
goabstract/Awesome-Design-Tools,38311,2164,2,6,3,"['GHSA-6vfc-qv3f-vr6c', 'GHSA-j5p7-jf4q-742q', 'GHSA-h6mq-3cj6-h738']",root
usebruno/bruno,38179,1938,0,0,0,[],
preactjs/preact,38110,2023,0,0,0,[],
naptha/tesseract.js,37421,2345,9,29,4,"['GHSA-p9w8-2mpq-49h9', 'GHSA-r683-j2x4-v87g', 'GHSA-vp56-6g26-6827', 'GHSA-w7rc-rwvf-8q5r']",root
denysdovhan/wtfjs,37366,2669,7,6,1,['MAL-2025-46969'],root
HeyPuter/puter,36952,3126,17,24,6,"['GHSA-28xh-wpgr-7fm8', 'GHSA-gcx4-mw62-g8wm', 'GHSA-28xr-mwxg-3qc8', 'GHSA-3f95-r44v-8mrg', 'GHSA-9p95-fxvg-qgq2', 'GHSA-9w5j-4mwv-2wj8']",root
ToolJet/ToolJet,36831,4860,2,6,2,"['GHSA-f29h-pxvx-f335', 'MAL-2025-6022']",root
markedjs/marked,35942,3499,0,0,0,[],
carbon-app/carbon,35772,1969,35,14,46,"['GHSA-42xw-2xvc-qx8m', 'GHSA-4hjh-wcwx-xvwj', 'GHSA-4w2v-q235-vp99', 'GHSA-8hc4-vh64-cxmj', 'GHSA-cph5-m8f7-6c5x', 'GHSA-jr5f-v2jv-69x6', 'GHSA-wf5p-g6vw-rhxx', 'GHSA-4gw3-8f77-f72c', 'GHSA-3wf4-68gx-mph8', 'GHSA-9pv7-vfvm-6vr7', 'GHSA-7wwv-vh3v-89cq', 'GHSA-vfrc-7r7c-w9mx', 'GHSA-3fx5-fwvr-xrjg', 'GHSA-w9mr-4mfr-499f', 'GHSA-223j-4rm8-mrmf', 'GHSA-25mp-g6fv-mqxx', 'GHSA-3f5c-4qxj-vmpf', 'GHSA-3h52-269p-cp9r', 'GHSA-4342-x723-ch2f', 'GHSA-5vj8-3v2h-h38v', 'GHSA-67rr-84xm-4c7r', 'GHSA-77r5-gw3j-2mpf', 'GHSA-7gfc-8cq8-jh5f', 'GHSA-7m27-7ghc-44w9', 'GHSA-9gr3-7897-pp7m', 'GHSA-c59h-r6p8-q9wc', 'GHSA-f82v-jwr5-mffw', 'GHSA-fmvm-x8mv-47mj', 'GHSA-fq54-2j52-jc42', 'GHSA-fq77-7p7r-83rj', 'GHSA-fr5h-rqp8-mj6g', 'GHSA-g5qg-72qw-gw5v', 'GHSA-g77x-44xx-532m', 'GHSA-gp8f-8m3g-qvj9', 'GHSA-m34x-wgrh-g897', 'GHSA-qpjv-v59x-3qc4', 'GHSA-qw96-mm2g-c8m7', 'GHSA-r2fc-ccr8-96c4', 'GHSA-vxf5-wxwp-m7g9', 'GHSA-wff4-fpwg-qqv3', 'GHSA-wr66-vrwm-5g5x', 'GHSA-x56p-c8cg-q435', 'GHSA-xv57-4mr9-wg8v', 'GHSA-g53w-52xc-2j85', 'GHSA-hg79-j56m-fxgv', 'GHSA-mvjj-gqq2-p4hw']",root
koajs/koa,35670,3223,18,5,1,['GHSA-9qj9-36jm-prpv'],root
upstash/context7,35531,1757,4,9,16,"['GHSA-3787-6prv-h9w3', 'GHSA-3cvr-822r-rqcc', 'GHSA-3g92-w8c5-73pq', 'GHSA-5r9g-qh6m-jxff', 'GHSA-8qr4-xgw6-wmr3', 'GHSA-9f24-jqhm-jfcw', 'GHSA-9qxr-qj54-h672', 'GHSA-c76h-2ccp-4975', 'GHSA-cxrh-j4jr-qwg3', 'GHSA-f772-66g8-q5h3', 'GHSA-m4v8-wqvr-p9f7', 'GHSA-pgw7-wx7w-2w33', 'GHSA-q768-x9m6-m9qp', 'GHSA-r6ch-mqf9-qc9w', 'GHSA-wqq4-5wpv-mx2g', 'GHSA-m95q-7qp3-xv42']",root
alvarotrigo/fullPage.js,35487,7227,0,0,0,[],
jondot/awesome-react-native,35450,4023,1,0,0,[],root
sahat/hackathon-starter,35131,8202,54,18,61,"['GHSA-6m59-8fmv-m5f9', 'GHSA-3mgp-fx93-9xv5', 'GHSA-3wqf-4x89-9g79', 'GHSA-4p24-vmcr-4gqj', 'GHSA-7mvr-5x2g-wfc8', 'GHSA-9v3m-8fp8-mj99', 'GHSA-ph58-4vrj-w6hr', 'GHSA-pj7m-g53m-7638', 'GHSA-q58r-hwc8-rm9j', 'GHSA-vxmc-5x29-h64v', 'GHSA-h68q-55jf-x68w', 'GHSA-cm5g-3pgc-8rg4', 'GHSA-gpvr-g6gh-9mc2', 'GHSA-jj78-5fmv-mv28', 'GHSA-qw6h-vgh9-j6wx', 'GHSA-rv95-896h-c2vc', 'GHSA-2pqj-h3vj-pqgw', 'GHSA-579v-mp3v-rrw5', 'GHSA-6c3j-c64m-qhgq', 'GHSA-gxr4-xjj5-5px2', 'GHSA-jpcq-cgw6-v4j6', 'GHSA-mhpp-875w-9cpv', 'GHSA-q4m3-2j7h-f7xw', 'GHSA-rmxg-73gg-4p98', 'GHSA-hc5w-c9f8-9cc4', 'GHSA-446m-mv8f-q348', 'GHSA-87vv-r9j6-g5qv', 'GHSA-8hfj-j24r-96c4', 'GHSA-wc69-rhjr-hc9g', 'GHSA-mh5c-679w-hh4r', 'GHSA-vxvm-qww3-2fh7', 'GHSA-8687-vv9j-hgph', 'GHSA-9m93-w8w6-76hh', 'GHSA-f825-f98c-gj3g', 'GHSA-h8hf-x3f4-xwgp', 'GHSA-m7xq-9374-9rvx', 'GHSA-r5xw-q988-826m', 'GHSA-vg7j-7cwx-8wgw', 'GHSA-gwg9-rgvj-4h5j', 'GHSA-44fp-w29j-9vj5', 'GHSA-4pg4-qvpc-4q3h', 'GHSA-fjgf-rc76-4x9p', 'GHSA-g5hg-p3ph-g8qg', 'GHSA-48ww-j4fc-435p', 'GHSA-9h6g-pr28-7cqp', 'GHSA-hwqf-gcqm-7353', 'GHSA-mm7p-fcc7-pg87', 'GHSA-v923-w3x8-wh69', 'GHSA-7jg2-jgv3-fmr4', 'GHSA-wgrm-67xf-hhpq', 'GHSA-3965-hpx2-q597', 'GHSA-p493-635q-r6gr', 'GHSA-552w-rqg8-gxxm', 'GHSA-79mx-88w7-8f7q', 'GHSA-9965-vmph-33xx', 'GHSA-f5w6-r7rg-mcgq', 'GHSA-q4qq-fm7q-cwp5', 'GHSA-qgmg-gppg-76g5', 'GHSA-qpjp-7rp2-9c3f', 'GHSA-rh6c-q938-3r9q', 'GHSA-xx4c-jj58-r7x6']",root
fastify/fastify,34895,2504,15,35,4,"['GHSA-jgrh-5m3h-9c5f', 'GHSA-rrr8-f88r-h8q6', 'GHSA-c2qf-rxjj-qqgw', 'GHSA-x6fg-f45m-jf5q']",root
drawdb-io/drawdb,34570,2580,35,13,30,"['GHSA-42xw-2xvc-qx8m', 'GHSA-4hjh-wcwx-xvwj', 'GHSA-4w2v-q235-vp99', 'GHSA-8hc4-vh64-cxmj', 'GHSA-cph5-m8f7-6c5x', 'GHSA-jr5f-v2jv-69x6', 'GHSA-wf5p-g6vw-rhxx', 'GHSA-3xgx-r9j4-qw9w', 'GHSA-cmh5-qc8w-xvcq', 'GHSA-f89g-whpf-6q9m', 'GHSA-3q6f-8grx-pr4v', 'GHSA-57f3-gghm-9mhc', 'GHSA-8mvj-3j78-4qmw', 'GHSA-vh59-v9r5-4mh4', 'GHSA-w532-jxjh-hjhj', 'GHSA-36fh-84j7-cv5h', 'GHSA-jg8v-48h5-wgxg', 'GHSA-29mw-wpgm-hmr9', 'GHSA-35jh-r3h4-6jhm', 'GHSA-4xc9-xhrj-v574', 'GHSA-fvqr-27wr-82fm', 'GHSA-jf85-cpcp-j695', 'GHSA-p6mc-m468-83gw', 'GHSA-x5rq-j2xg-h7qm', 'GHSA-3xq5-wjfh-ppjc', 'GHSA-mwcw-c2x4-8c55', 'GHSA-qrpm-p2h7-hrv2', 'GHSA-g53w-52xc-2j85', 'GHSA-hg79-j56m-fxgv', 'GHSA-mvjj-gqq2-p4hw']",root
typicode/husky,34357,1079,0,0,0,[],
zenorocha/clipboard.js,34176,3942,3,25,0,[],root
atlassian/react-beautiful-dnd,34056,2730,7,79,1,['GHSA-968p-4wvh-cqc8'],root
danielmiessler/Fabric,34039,3475,0,0,0,[],
TheAlgorithms/JavaScript,33860,5792,0,0,0,[],
ryanhanwu/How-To-Ask-Questions-The-Smart-Way,33828,5752,0,0,0,[],
qishibo/AnotherRedisDesktopManager,33314,2677,21,59,10,"['GHSA-762f-c2wg-m8c8', 'GHSA-g954-5hwp-pp24', 'GHSA-h755-8qp9-cq85', 'GHSA-5j4c-8p2g-v4jx', 'GHSA-9r9m-ffp6-9x4v', 'GHSA-hjwq-mjwj-4x6c', 'GHSA-p2ph-7g93-hw3m', 'GHSA-x8qp-wqqm-57ph', 'GHSA-2qjp-fg8c-g878', 'GHSA-89fp-f5mx-748x']",root
adobe/brackets,33134,7561,12,30,26,"['GHSA-fwr7-v2mv-hh25', 'GHSA-73v8-v6g4-vrpm', 'GHSA-29mw-wpgm-hmr9', 'GHSA-35jh-r3h4-6jhm', 'GHSA-4xc9-xhrj-v574', 'GHSA-fvqr-27wr-82fm', 'GHSA-jf85-cpcp-j695', 'GHSA-p6mc-m468-83gw', 'GHSA-x5rq-j2xg-h7qm', 'GHSA-4328-8hgf-7wjr', 'GHSA-93f3-23rq-pjfp', 'GHSA-hj9c-8jmm-8c52', 'GHSA-m5h6-hr3q-22h5', 'GHSA-m6cx-g6qm-p2cx', 'GHSA-ph34-pc88-72gc', 'GHSA-v3jv-wrf4-5845', 'GHSA-x8qc-rrcw-4r46', 'GHSA-7xfp-9c55-5vqj', 'GHSA-p8p7-x288-28g6', 'GHSA-c2qf-rxjj-qqgw', 'GHSA-x6fg-f45m-jf5q', 'GHSA-2mhh-w6q8-5hxw', 'GHSA-3h5v-q93c-6h6q', 'GHSA-5v72-xg48-5rpm', 'GHSA-6663-c963-2gqg', 'GHSA-6fc8-4gx4-v693']",root
gulpjs/gulp,33048,4204,4,8,0,[],root
gchq/CyberChef,32978,3709,92,55,97,"['GHSA-5fg8-2547-mr8q', 'GHSA-crh6-fp67-6883', 'GHSA-3mgp-fx93-9xv5', 'GHSA-3wqf-4x89-9g79', 'GHSA-4p24-vmcr-4gqj', 'GHSA-7mvr-5x2g-wfc8', 'GHSA-9v3m-8fp8-mj99', 'GHSA-ph58-4vrj-w6hr', 'GHSA-pj7m-g53m-7638', 'GHSA-q58r-hwc8-rm9j', 'GHSA-vxmc-5x29-h64v', 'GHSA-4jwp-vfvf-657p', 'GHSA-8462-q7x7-g2x4', 'GHSA-v8w9-2789-6hhr', 'GHSA-3w3w-pxmm-2w2j', 'GHSA-xwcq-pm8m-c4vf', 'GHSA-h6ch-v84p-w6p9', 'GHSA-63q7-h895-m982', 'GHSA-8hgg-xxm5-3873', 'GHSA-chqj-j4fh-rw7m', 'GHSA-gx9m-whjm-85jf', 'GHSA-mjjq-c88q-qhr6', 'GHSA-mmhx-hmjr-r674', 'GHSA-p3vf-v8qc-cwcr', 'GHSA-vhxf-7vqr-mrjg', 'GHSA-2j2x-2gpw-g8fm', 'GHSA-2cf5-4w76-r9qv', 'GHSA-3cqr-58rm-57f8', 'GHSA-62gr-4qp9-h98f', 'GHSA-765h-qjxv-5f44', 'GHSA-9prh-257w-9277', 'GHSA-f2jv-r9rf-7988', 'GHSA-f52g-6jhx-586p', 'GHSA-g9r4-xpmj-mj65', 'GHSA-q2c6-c6pm-g3gh', 'GHSA-q42p-pg8m-cqh6', 'GHSA-w457-6q6x-cgp9', 'GHSA-7wwv-vh3v-89cq', 'GHSA-vfrc-7r7c-w9mx', 'GHSA-2pqj-h3vj-pqgw', 'GHSA-579v-mp3v-rrw5', 'GHSA-6c3j-c64m-qhgq', 'GHSA-gxr4-xjj5-5px2', 'GHSA-jpcq-cgw6-v4j6', 'GHSA-mhpp-875w-9cpv', 'GHSA-q4m3-2j7h-f7xw', 'GHSA-rmxg-73gg-4p98', 'GHSA-9c47-m6qq-7p4h', 'GHSA-fqg8-vfv7-8fj8', 'GHSA-hw8r-x6gr-5gjp', 'GHSA-pppg-cpfq-h7wr', 'GHSA-8cf7-32gw-wr33', 'GHSA-c7hr-j4mj-j2w6', 'GHSA-hjrf-2m68-5959', 'GHSA-qwph-4952-7xr6', 'GHSA-27fj-mc8w-j9wg', 'GHSA-3fvg-4v2m-98jf', 'GHSA-g753-jx37-7xwh', 'GHSA-h87q-g2wp-47pj', 'GHSA-p8c3-7rj8-q963', 'GHSA-q3gh-5r98-j4h3', 'GHSA-rh63-9qcf-83gf', 'GHSA-xxxq-chmp-67g4', 'GHSA-29mw-wpgm-hmr9', 'GHSA-35jh-r3h4-6jhm', 'GHSA-4xc9-xhrj-v574', 'GHSA-fvqr-27wr-82fm', 'GHSA-jf85-cpcp-j695', 'GHSA-p6mc-m468-83gw', 'GHSA-x5rq-j2xg-h7qm', 'GHSA-6vfc-qv3f-vr6c', 'GHSA-j5p7-jf4q-742q', 'GHSA-446m-mv8f-q348', 'GHSA-87vv-r9j6-g5qv', 'GHSA-8hfj-j24r-96c4', 'GHSA-wc69-rhjr-hc9g', 'GHSA-56x4-j7p9-fcf9', 'GHSA-v78c-4p63-2j6c', 'GHSA-2r2c-g63r-vccr', 'GHSA-5rrq-pxf6-6jx5', 'GHSA-8fr3-hfg3-gpgp', 'GHSA-92xj-mqp7-vmcj', 'GHSA-cfm4-qjh2-4765', 'GHSA-gf8q-jrpm-jvxq', 'GHSA-wxgw-qj99-44c2', 'GHSA-x4jg-mjrx-434g', 'GHSA-6394-6h9h-cfjg', 'GHSA-rmmc-8cqj-hfp3', 'GHSA-762f-c2wg-m8c8', 'GHSA-g954-5hwp-pp24', 'GHSA-h755-8qp9-cq85', 'GHSA-83rx-c8cr-6j8q', 'GHSA-394c-5j6w-4xmx', 'GHSA-662x-fhqg-9p8v', 'GHSA-78cj-fxph-m83p', 'GHSA-fhg7-m89q-25r3', 'GHSA-pjwm-rvh2-c87w']",root
pcottle/learnGitBranching,32670,5913,11,23,32,"['GHSA-j6p2-cx3w-6jcp', 'GHSA-2pqj-h3vj-pqgw', 'GHSA-579v-mp3v-rrw5', 'GHSA-6c3j-c64m-qhgq', 'GHSA-gxr4-xjj5-5px2', 'GHSA-jpcq-cgw6-v4j6', 'GHSA-mhpp-875w-9cpv', 'GHSA-q4m3-2j7h-f7xw', 'GHSA-rmxg-73gg-4p98', 'GHSA-9gj3-hwp5-pmwc', 'GHSA-gpqq-952q-5327', 'GHSA-h6gj-6jjq-h8g9', 'GHSA-hpcf-8vf9-q4gj', 'GHSA-j7qv-pgf6-hvh4', 'GHSA-qqxp-xp9v-vvx6', 'GHSA-wcm2-9c89-wmfm', 'GHSA-4r62-v4vq-hr96', 'GHSA-5v2h-r2cx-5xgj', 'GHSA-7px7-7xjx-hxm8', 'GHSA-9cw2-jqp5-7x39', 'GHSA-cfjh-p3g4-3q2f', 'GHSA-ch52-vgq2-943f', 'GHSA-hjcp-j389-59ff', 'GHSA-p9wx-2529-fp83', 'GHSA-rrrm-qjm4-v8hf', 'GHSA-vfvf-mqq8-rwqc', 'GHSA-x5pg-88wf-qq4p', 'GHSA-xf5p-87ch-gxw2', 'GHSA-g53w-52xc-2j85', 'GHSA-hg79-j56m-fxgv', 'GHSA-mvjj-gqq2-p4hw', 'GHSA-cf4h-3jhx-xvhq']",root
